pdb_id,family,subfamily,chain,ligand_resname,dfg_state,ac_helix,kinase_name
7lvh,kinase,Aak1,A,YFS,in,in,Aak1
7lvi,kinase,Aak1,A,YFY,in,in,Aak1
7rj8,kinase,Aak1,A,5QI,in,in,Aak1
7rj7,kinase,Aak1,A,5P6,in,in,Aak1
7rj6,kinase,Aak1,A,YFV,in,in,Aak1
4wsq,kinase,AAK1,B,KSA,in,in,AAK1
5l4q,kinase,AAK1,A,LKB,in,in,AAK1
5te0,kinase,AAK1,A,XIN,in,in,AAK1
8gmc,kinase,AAK1,A,YFV,in,in,AAK1
2qoh,kinase,Abl1,B,P3Y,in,in,Abl1
3oy3,kinase,Abl1,A,XY3,out,in,Abl1
3ms9,kinase,Abl1,A,STI,out,in,Abl1
1iep,kinase,Abl1,A,STI,out,in,Abl1
3dk7,kinase,Abl1,A,SX7,out-like,in,Abl1
2hzn,kinase,Abl1,A,KIN,out,in,Abl1
3dk3,kinase,Abl1,B,SX7,out-like,in,Abl1
1opk,kinase,Abl1,A,P16,out-like,in,Abl1
1fpu,kinase,Abl1,B,PRC,out,in,Abl1
3mss,kinase,Abl1,D,STI,out,in,Abl1
4twp,kinase,ABL1,B,AXI,in,in,ABL1
3ue4,kinase,ABL1,A,DB8,out-like,in,ABL1
3cs9,kinase,ABL1,C,NIL,out,in,ABL1
2hz4,kinase,ABL1,B,4ST,in,in,ABL1
2g2h,kinase,ABL1,B,P16,out-like,in,ABL1
3pyy,kinase,ABL1,A,STI,out,in,ABL1
3qri,kinase,ABL1,A,919,out,in,ABL1
2gqg,kinase,ABL1,A,1N1,in,in,ABL1
4wa9,kinase,ABL1,A,AXI,out-like,na,ABL1
2v7a,kinase,ABL1,B,627,in,in,ABL1
4xli,kinase,Abl2,A,1N1,in,in,Abl2
3gvu,kinase,ABL2,A,STI,out,in,ABL2
3hmi,kinase,ABL2,A,DKI,out-like,in,ABL2
2xyn,kinase,ABL2,A,VX6,in,in,ABL2
4bgg,kinase,ACVR1,B,844,in,in,ACVR1
3q4u,kinase,ACVR1,A,LDN,in,in,ACVR1
4dym,kinase,ACVR1,A,IYZ,in,in,ACVR1
3mtf,kinase,ACVR1,B,A3F,in,in,ACVR1
3soc,kinase,ACVR2A,A,GVD,in,in,ACVR2A
4asx,kinase,ACVR2A,A,6OJ,in,in,ACVR2A
3q4t,kinase,ACVR2A,B,TAK,in,in,ACVR2A
2qlu,kinase,ACVR2B,A,ADE,in,in,ACVR2B
3my0,kinase,ACVRL1,P,LDN,in,in,ACVRL1
3mvh,kinase,AKT1,A,WFE,in,in,AKT1
4ekk,kinase,AKT1,B,ANP,in,in,AKT1
4ekl,kinase,AKT1,A,0RF,in,in,AKT1
4gv1,kinase,AKT1,A,0XZ,in,in,AKT1
3qkl,kinase,AKT1,A,SMR,in,in,AKT1
3qkm,kinase,AKT1,A,SM9,in,in,AKT1
3ow4,kinase,AKT1,A,SMY,in,in,AKT1
3ocb,kinase,AKT1,A,XM1,in,in,AKT1
3e87,kinase,AKT2,B,G95,in,in,AKT2
3e8d,kinase,AKT2,B,G98,in,in,AKT2
3e88,kinase,AKT2,B,G96,in,in,AKT2
1o6l,kinase,AKT2,A,ANP,in,in,AKT2
4fny,kinase,ALK,A,I3K,out,in,ALK
4anq,kinase,ALK,A,VGH,in,in,ALK
4clj,kinase,ALK,A,5P8,in,in,ALK
3aox,kinase,ALK,A,EMH,in,in,ALK
4cmt,kinase,ALK,A,GWH,in,in,ALK
4dce,kinase,ALK,B,0JF,in,in,ALK
4ans,kinase,ALK,A,VGH,in,in,ALK
3lcs,kinase,ALK,A,STU,in,in,ALK
4fob,kinase,ALK,A,0US,in,in,ALK
4cnh,kinase,ALK,B,3U9,in,in,ALK
7lt3,kinase,ANTXR1,C,ADP,in,in,ANTXR1
7su3,kinase,ANTXR1,A,ATP,in,in,ANTXR1
7otp,kinase,ANTXR1,A,AGS,in,in,ANTXR1
7sud,kinase,ANTXR1,A,ATP,in,in,ANTXR1
7otw,kinase,ANTXR1,A,MBW,in,in,ANTXR1
7oty,kinase,ANTXR1,A,1IX,in,in,ANTXR1
7sgl,kinase,ANTXR1,A,ATP,in,in,ANTXR1
7ni6,kinase,ATM,A,AGS,in,in,ATM
7ni5,kinase,ATM,A,UF8,in,in,ATM
7ni4,kinase,ATM,A,UGK,in,in,ATM
7sic,kinase,ATM,A,ANP,in,in,ATM
7sid,kinase,ATM,A,ANP,in,in,ATM
8oxq,kinase,ATM,A,ANP,in,in,ATM
8oxp,kinase,ATM,A,ANP,in,in,ATM
8oxm,kinase,ATM,B,ANP,in,in,ATM
8oxo,kinase,ATM,B,ANP,in,in,ATM
5np1,kinase,ATM,A,0,in,in,ATM
5yz0,kinase,ATR,B,0,in,in,ATR
3d14,kinase,Aurka,A,AK1,in,in,Aurka
3d2k,kinase,Aurka,A,AK4,in,in,Aurka
3d15,kinase,Aurka,A,AK2,in,in,Aurka
3dj6,kinase,Aurka,A,AK6,out-like,out,Aurka
3daj,kinase,Aurka,A,FXG,out-like,in,Aurka
3dj7,kinase,Aurka,A,AK7,in,in,Aurka
3d2i,kinase,Aurka,A,AK3,in,in,Aurka
3dj5,kinase,Aurka,A,AK5,out-like,out,Aurka
3w2c,kinase,AURKA,E,N15,na,na,AURKA
4dee,kinase,AURKA,A,ADP,in,in,AURKA
2xru,kinase,AURKA,A,400,in,in,AURKA
4bn1,kinase,AURKA,A,ADP,in,in,AURKA
2wtw,kinase,AURKA,A,ZZL,in,in,AURKA
4jbq,kinase,AURKA,A,VX6,out-like,in,AURKA
3o50,kinase,AURKA,A,LJE,out-like,in,AURKA
4o0w,kinase,AURKA,A,ADN,in,in,AURKA
3uo6,kinase,AURKA,B,0BY,out-like,in,AURKA
3w18,kinase,AURKA,A,N13,na,out,AURKA
4af3,kinase,AURKB,A,VX6,out-like,in,AURKB
6gr8,kinase,AURKC,A,F8Z,in,in,AURKC
6gr9,kinase,AURKC,A,VX6,in,in,AURKC
5u6b,kinase,AXL,C,7YS,in,out,AXL
4w9w,kinase,BMP2K,A,YDJ,in,in,BMP2K
4w9x,kinase,BMP2K,A,3JW,in,in,BMP2K
5i3o,kinase,BMP2K,B,IDV,in,in,BMP2K
5i3r,kinase,BMP2K,A,IDK,in,in,BMP2K
5ikw,kinase,BMP2K,A,6BU,in,in,BMP2K
3mdy,kinase,BMPR1B,C,LDN,in,in,BMPR1B
3g2f,kinase,BMPR2,B,ADP,in,in,BMPR2
6unp,kinase,BMPR2,A,ADP,in,in,BMPR2
3sxr,kinase,BMX,B,1N1,out-like,in,BMX
3sxs,kinase,BMX,A,PP2,out-like,in,BMX
6i99,kinase,BMX,A,H88,out-like,out,BMX
8x2a,kinase,BMX,A,LTJ,in,out,BMX
4jvg,kinase,BRAF,C,B96,out,in,BRAF
4e4x,kinase,BRAF,A,T1Q,in,out,BRAF
4dbn,kinase,BRAF,A,0JA,out,in,BRAF
4pp7,kinase,BRAF,B,2VX,in,out,BRAF
3d4q,kinase,BRAF,A,SM5,in,in,BRAF
4wo5,kinase,BRAF,A,324,in,out,BRAF
3tv4,kinase,BRAF,A,TV4,in,out,BRAF
4mnf,kinase,BRAF,A,29L,in,in,BRAF
4ksq,kinase,BRAF,B,1SW,out,in,BRAF
4yom,kinase,Brsk2,B,0,in,out,Brsk2
4ynz,kinase,Brsk2,A,0,in,out,Brsk2
6mny,kinase,Btk,A,JVP,in,out,Btk
8ff0,kinase,Btk,A,7GB,in,out,Btk
8fd9,kinase,Btk,A,XQQ,in,out,Btk
8s93,kinase,Btk,A,9AJ,in,out,Btk
8s9f,kinase,Btk,A,1N1,out-like,out,Btk
8gmb,kinase,Btk,A,9AJ,in,out,Btk
3oct,kinase,BTK,A,1N1,out-like,in,BTK
4yhf,kinase,BTK,B,4C9,in,out,BTK
4otq,kinase,BTK,A,2V2,in,out,BTK
4otr,kinase,BTK,A,2V3,in,out,BTK
4nwm,kinase,BTK,B,2P5,in,out,BTK
3gen,kinase,BTK,A,B43,in,out,BTK
4otf,kinase,BTK,A,2VL,in,out,BTK
3k54,kinase,BTK,A,1N1,in,in,BTK
4r8q,kinase,BUB1,A,ADP,in,in,BUB1
4qpm,kinase,BUB1,A,ADP,in,in,BUB1
5dmz,kinase,BUB1,B,ADP,in,in,BUB1
6f7b,kinase,BUB1,A,CVQ,in,in,BUB1
6tlj,kinase,BUB1B,S,0,out-like,out,BUB1B
4fg9,kinase,CAMK1,B,ATP,in,na,CAMK1
4fg7,kinase,CAMK1,A,ATP,in,in,CAMK1
4fg8,kinase,CAMK1,B,ATP,in,out,CAMK1
4fgb,kinase,CAMK1,A,0,in,out,CAMK1
2jc6,kinase,CAMK1D,A,QPP,na,out,CAMK1D
6t6f,kinase,CAMK1D,A,MMW,in,out,CAMK1D
6t28,kinase,CAMK1D,A,M92,in,out,CAMK1D
6t29,kinase,CAMK1D,A,M8Z,in,out,CAMK1D
2jam,kinase,CAMK1G,A,J60,in,out,CAMK1G
7b56,kinase,Camk2a,A,0,out,na,Camk2a
7b57,kinase,Camk2a,A,0,out,na,Camk2a
7b55,kinase,Camk2a,A,0,out,na,Camk2a
2vz6,kinase,CAMK2A,B,FEF,in,in,CAMK2A
3soa,kinase,CAMK2A,A,DB8,out-like,in,CAMK2A
6vzk,kinase,CAMK2A,A,HC4,in,in,CAMK2A
7kl1,kinase,CAMK2A,B,ATP,in,in,CAMK2A
6xbx,kinase,CAMK2A,A,ATP,in,in,CAMK2A
6xoe,kinase,CAMK2A,A,ATP,in,in,CAMK2A
6xdu,kinase,CAMK2A,A,ADP,in,in,CAMK2A
3bhh,kinase,CAMK2B,B,5CP,in,in,CAMK2B
6bab,kinase,Camk2d,B,D0S,in,in,Camk2d
2wel,kinase,CAMK2D,A,K88,in,in,CAMK2D
2vn9,kinase,CAMK2D,B,GVD,in,in,CAMK2D
5vlo,kinase,CAMK2D,B,9EJ,in,in,CAMK2D
6ayw,kinase,CAMK2D,B,C2V,in,in,CAMK2D
8uso,kinase,CAMK2D,A,0,in,in,CAMK2D
2v7o,kinase,CAMK2G,A,0,in,in,CAMK2G
2w4o,kinase,CAMK4,A,DKI,in,na,CAMK4
6cd6,kinase,CAMKK1,D,DXV,out,in,CAMKK1
6ccf,kinase,CAMKK1,A,H1N,out,out,CAMKK1
2zv2,kinase,CAMKK2,A,609,in,in,CAMKK2
5vt1,kinase,CAMKK2,A,9JS,in,in,CAMKK2
5uyj,kinase,CAMKK2,A,8R7,in,in,CAMKK2
5uy6,kinase,CAMKK2,A,8R4,in,in,CAMKK2
6bku,kinase,CAMKK2,A,DXV,in,in,CAMKK2
6ble,kinase,CAMKK2,A,34U,in,in,CAMKK2
6brc,kinase,CAMKK2,B,E5J,in,in,CAMKK2
6bql,kinase,CAMKK2,A,BI9,in,in,CAMKK2
3c0h,kinase,CASK,B,AMP,in,in,CASK
3mfu,kinase,CASK,A,ANP,in,in,CASK
3mfs,kinase,CASK,A,ANP,in,in,CASK
3mfr,kinase,CASK,A,ANP,in,in,CASK
3c0i,kinase,CASK,A,3AM,in,in,CASK
3c0g,kinase,CASK,B,3AM,in,out,CASK
3qfv,kinase,CDC42BPB,B,NM7,in,in,CDC42BPB
4ual,kinase,CDC42BPB,A,3FV,in,in,CDC42BPB
3tku,kinase,CDC42BPB,B,M77,in,in,CDC42BPB
4uak,kinase,CDC42BPB,A,ADP,in,in,CDC42BPB
5otf,kinase,CDC42BPB,A,AQ5,in,in,CDC42BPB
5ote,kinase,CDC42BPB,A,AQE,in,in,CDC42BPB
4f9c,kinase,CDC7,A,0SX,in,in,CDC7
4f99,kinase,CDC7,A,ADP,in,in,CDC7
4f9a,kinase,CDC7,A,ADP,in,in,CDC7
4f9b,kinase,CDC7,C,0SY,na,in,CDC7
6ya6,kinase,CDC7,A,0SX,in,in,CDC7
6ya7,kinase,CDC7,A,ADP,in,in,CDC7
6ya8,kinase,CDC7,A,ADP,in,in,CDC7
4y72,kinase,CDK1,A,LZ9,in,in,CDK1
5hq0,kinase,CDK1,A,LZ9,in,in,CDK1
5lqf,kinase,CDK1,A,4SP,in,in,CDK1
6gu6,kinase,CDK1,A,1QK,in,out,CDK1
6gu2,kinase,CDK1,A,F9Z,in,in,CDK1
4nst,kinase,CDK12,C,ADP,in,in,CDK12
4cxa,kinase,CDK12,A,ANP,in,in,CDK12
5acb,kinase,CDK12,C,5I1,in,in,CDK12
6b3e,kinase,CDK12,A,CJM,in,in,CDK12
6ckx,kinase,CDK12,A,8M1,in,in,CDK12
6td3,kinase,CDK12,E,RC8,in,in,CDK12
5efq,kinase,CDK13,A,ADP,in,in,CDK13
7nxj,kinase,CDK13,A,5I1,in,in,CDK13
3mtl,kinase,CDK16,A,FEF,out-like,in,CDK16
5g6v,kinase,CDK16,A,919,out,in,CDK16
3qhr,kinase,CDK2,C,ADP,in,in,CDK2
2clx,kinase,CDK2,A,F18,in,out,CDK2
2vv9,kinase,CDK2,A,IM9,in,out,CDK2
1pxj,kinase,CDK2,A,CK2,in,out,CDK2
3f5x,kinase,CDK2,A,EZV,in,in,CDK2
2g9x,kinase,CDK2,A,NU5,in,in,CDK2
2vu3,kinase,CDK2,A,LZE,in,out,CDK2
3r9n,kinase,CDK2,A,Z68,in,out,CDK2
1e1v,kinase,CDK2,A,CMG,in,out,CDK2
3my5,kinase,CDK2,A,RFZ,in,in,CDK2
7sj3,kinase,CDK4,A,6ZV,in,in,CDK4
2w9z,kinase,CDK4,B,0,in,out,CDK4
3g33,kinase,CDK4,A,0,in,out,CDK4
5fwk,kinase,CDK4,K,0,in,na,CDK4
6p8g,kinase,CDK4,B,0,in,out,CDK4
6p8e,kinase,CDK4,B,0,in,out,CDK4
5fwm,kinase,CDK4,K,0,out-like,out,CDK4
2w9f,kinase,CDK4,B,0,in,out,CDK4
1unh,kinase,CDK5,A,IXM,in,in,CDK5
4au8,kinase,CDK5,B,Z3R,in,in,CDK5
3o0g,kinase,CDK5,B,3O0,in,in,CDK5
1unl,kinase,CDK5,A,RRC,in,in,CDK5
1ung,kinase,CDK5,B,ALH,in,in,CDK5
1xo2,kinase,CDK6,B,FSE,in,in,CDK6
2f2c,kinase,CDK6,B,AP9,in,in,CDK6
3nup,kinase,CDK6,A,3NU,in,out,CDK6
4ez5,kinase,CDK6,A,0RS,in,out,CDK6
4aua,kinase,CDK6,A,4AU,in,out,CDK6
4tth,kinase,CDK6,B,24V,in,in,CDK6
2euf,kinase,CDK6,B,LQQ,in,in,CDK6
3nux,kinase,CDK6,A,3NV,in,out,CDK6
5l2s,kinase,CDK6,A,6ZV,in,out,CDK6
5l2i,kinase,CDK6,A,LQQ,in,out,CDK6
1ua2,kinase,CDK7,B,ATP,out-like,out,CDK7
6xd3,kinase,CDK7,J,V0G,in,in,CDK7
6xbz,kinase,CDK7,J,AGS,in,in,CDK7
7b5q,kinase,CDK7,J,I74,in,in,CDK7
7b5o,kinase,CDK7,J,I74,in,in,CDK7
4f7l,kinase,CDK8,A,0SO,out,in,CDK8
3rgf,kinase,CDK8,A,BAX,out,in,CDK8
4f7j,kinase,CDK8,A,0SU,out,in,CDK8
4f6u,kinase,CDK8,A,0SR,out,in,CDK8
4f6w,kinase,CDK8,A,0SS,out,in,CDK8
4f7n,kinase,CDK8,A,0SV,out,in,CDK8
4f6s,kinase,CDK8,A,0SQ,out,in,CDK8
3tnh,kinase,CDK9,A,F18,in,in,CDK9
4ogr,kinase,CDK9,E,ADN,in,in,CDK9
3blr,kinase,CDK9,A,CPB,in,in,CDK9
4imy,kinase,CDK9,C,AMP,in,in,CDK9
3tn8,kinase,CDK9,A,F18,in,in,CDK9
3mia,kinase,CDK9,A,ANP,in,in,CDK9
4bci,kinase,CDK9,A,T3E,in,in,CDK9
4agu,kinase,CDKL1,B,D15,in,in,CDKL1
4aaa,kinase,CDKL2,A,DKI,in,out,CDKL2
4bbm,kinase,CDKL2,A,TC0,in,out,CDKL2
3zdu,kinase,CDKL3,A,38R,in,in,CDKL3
4bgq,kinase,CDKL5,A,38R,in,in,CDKL5
8cie,kinase,CDKL5,A,US0,in,in,CDKL5
2xf0,kinase,CHEK1,A,4UB,in,in,CHEK1
4ftr,kinase,CHEK1,A,5HK,in,in,CHEK1
4ftk,kinase,CHEK1,A,H9K,in,in,CHEK1
4fsy,kinase,CHEK1,A,HK7,in,in,CHEK1
4hyi,kinase,CHEK1,A,1AO,in,in,CHEK1
4fsu,kinase,CHEK1,A,HK5,in,in,CHEK1
4fta,kinase,CHEK1,A,H5K,in,in,CHEK1
4fsw,kinase,CHEK1,A,HK6,in,in,CHEK1
4fsn,kinase,CHEK1,A,A58,in,in,CHEK1
2ym3,kinase,CHEK1,A,YM3,in,in,CHEK1
2cn5,kinase,CHEK2,A,ADP,in,in,CHEK2
2ycq,kinase,CHEK2,A,UPX,in,in,CHEK2
2yiq,kinase,CHEK2,A,YIQ,in,in,CHEK2
4bdc,kinase,CHEK2,A,ODH,in,in,CHEK2
4bdj,kinase,CHEK2,A,Z2M,in,in,CHEK2
4bdg,kinase,CHEK2,A,P3J,in,in,CHEK2
4bdb,kinase,CHEK2,A,ODO,in,in,CHEK2
4a9s,kinase,CHEK2,A,RU9,in,in,CHEK2
2ycr,kinase,CHEK2,A,HCW,in,in,CHEK2
5ebz,kinase,CHUK,D,5TL,in,in,CHUK
2vag,kinase,CLK1,A,V25,in,in,CLK1
1z57,kinase,CLK1,A,DBQ,in,in,CLK1
5j1w,kinase,CLK1,B,6FB,in,in,CLK1
5j1v,kinase,CLK1,C,6FD,in,in,CLK1
3nr9,kinase,CLK2,A,NR9,in,in,CLK2
5unp,kinase,CLK2,A,8FY,in,in,CLK2
6fyk,kinase,CLK2,B,EAZ,in,in,CLK2
6fyl,kinase,CLK2,A,3NG,in,in,CLK2
6fyi,kinase,CLK2,A,EAE,in,in,CLK2
3raw,kinase,CLK3,A,3RA,in,in,CLK3
2wu6,kinase,CLK3,A,DKI,in,in,CLK3
2wu7,kinase,CLK3,A,V25,in,in,CLK3
6ft7,kinase,CLK3,B,E6Q,in,in,CLK3
6fyv,kinase,CLK4,A,3NG,in,in,CLK4
