pdb_path,protein_chain,ligand_resname,family,status,pdb_fullpath,ligand_found,het_resnames_sample
data/kinase_pdbs/1M17.pdb,A,AQ4,TK,OK,./data/kinase_pdbs/1M17.pdb,YES,"AQ4,HOH"
data/kinase_pdbs/2HYY.pdb,A,IRE,TK,LIGAND_RESNAME_MISMATCH,./data/kinase_pdbs/2HYY.pdb,NO,"HOH,STI"
data/kinase_pdbs/1IEP.pdb,A,STI,TK,OK,./data/kinase_pdbs/1IEP.pdb,YES,"CL,HOH,STI"
data/kinase_pdbs/2GQG.pdb,A,406,TK,LIGAND_RESNAME_MISMATCH,./data/kinase_pdbs/2GQG.pdb,NO,"1N1,GOL,HOH,PTR"
data/kinase_pdbs/3CS9.pdb,A,DAS,TK,LIGAND_RESNAME_MISMATCH,./data/kinase_pdbs/3CS9.pdb,NO,"HOH,NIL"
data/kinase_pdbs/2SRC.pdb,A,ANP,TK,OK,./data/kinase_pdbs/2SRC.pdb,YES,"ANP,HOH,PTR"
data/kinase_pdbs/1PKG.pdb,A,SU1,TK,LIGAND_RESNAME_MISMATCH,./data/kinase_pdbs/1PKG.pdb,NO,"ADP,HOH,MG,PTR"
data/kinase_pdbs/4V01.pdb,A,032,TK,LIGAND_RESNAME_MISMATCH,./data/kinase_pdbs/4V01.pdb,NO,"0LI,EDO,HOH,SO4"
data/kinase_pdbs/3LCK.pdb,A,STU,TK,LIGAND_RESNAME_MISMATCH,./data/kinase_pdbs/3LCK.pdb,NO,"HOH,PTR,SO4"
data/kinase_pdbs/1T46.pdb,A,STI,TK,OK,./data/kinase_pdbs/1T46.pdb,YES,"HOH,PO4,STI"
data/kinase_pdbs/1HCK.pdb,A,ATP,CMGC,OK,./data/kinase_pdbs/1HCK.pdb,YES,"ATP,HOH,MG"
data/kinase_pdbs/2VTH.pdb,A,K49,CMGC,LIGAND_RESNAME_MISMATCH,./data/kinase_pdbs/2VTH.pdb,NO,"GOL,HOH,LZ2"
data/kinase_pdbs/2I0V.pdb,A,LQQ,CMGC,LIGAND_RESNAME_MISMATCH,./data/kinase_pdbs/2I0V.pdb,NO,"6C3,HOH,SO4"
data/kinase_pdbs/3EQG.pdb,A,FAS,CMGC,LIGAND_RESNAME_MISMATCH,./data/kinase_pdbs/3EQG.pdb,NO,"4BM,ADP,CA,HOH,MG,NA"
data/kinase_pdbs/2ERK.pdb,A,ATP,CMGC,LIGAND_RESNAME_MISMATCH,./data/kinase_pdbs/2ERK.pdb,NO,"HOH,PTR,TPO"
data/kinase_pdbs/3PY3.pdb,A,INH,CMGC,LIGAND_RESNAME_MISMATCH,./data/kinase_pdbs/3PY3.pdb,NO,"HOH,PTR,TPO"
data/kinase_pdbs/1PME.pdb,A,SB2,CMGC,OK,./data/kinase_pdbs/1PME.pdb,YES,"CME,HOH,SB2,SO4"
data/kinase_pdbs/3GCS.pdb,A,J60,CMGC,LIGAND_RESNAME_MISMATCH,./data/kinase_pdbs/3GCS.pdb,NO,"BAX,BOG,HOH"
data/kinase_pdbs/1Q5K.pdb,A,STU,CMGC,LIGAND_RESNAME_MISMATCH,./data/kinase_pdbs/1Q5K.pdb,NO,"HOH,TMU"
data/kinase_pdbs/3FI3.pdb,A,D57,CMGC,LIGAND_RESNAME_MISMATCH,./data/kinase_pdbs/3FI3.pdb,NO,"EDO,HOH,JK2,OCY"
data/kinase_pdbs/1ATP.pdb,E,ATP,AGC,OK,./data/kinase_pdbs/1ATP.pdb,YES,"ATP,HOH,MN,SEP,TPO"
data/kinase_pdbs/1BKX.pdb,A,H89,AGC,LIGAND_RESNAME_MISMATCH,./data/kinase_pdbs/1BKX.pdb,NO,"AMP,HOH,SEP,TPO"
data/kinase_pdbs/3CQW.pdb,A,ANP,AGC,LIGAND_RESNAME_MISMATCH,./data/kinase_pdbs/3CQW.pdb,NO,"CQW,HOH,MN,TPO"
data/kinase_pdbs/3MV5.pdb,A,MK2,AGC,LIGAND_RESNAME_MISMATCH,./data/kinase_pdbs/3MV5.pdb,NO,"HOH,MN,TPO,XFE"
data/kinase_pdbs/3A8W.pdb,A,STA,AGC,LIGAND_RESNAME_MISMATCH,./data/kinase_pdbs/3A8W.pdb,NO,"ATP,HOH,SO4,TPO"
data/kinase_pdbs/2X39.pdb,A,Y27,AGC,LIGAND_RESNAME_MISMATCH,./data/kinase_pdbs/2X39.pdb,NO,"HOH,TPO,X39"
data/kinase_pdbs/4GV1.pdb,A,SL0,AGC,LIGAND_RESNAME_MISMATCH,./data/kinase_pdbs/4GV1.pdb,NO,"0XZ,GOL,HOH,TPO"
data/kinase_pdbs/2VN9.pdb,A,STO,CAMK,LIGAND_RESNAME_MISMATCH,./data/kinase_pdbs/2VN9.pdb,NO,"CL,EPE,GVD,HOH,PO4"
data/kinase_pdbs/4BYI.pdb,A,SGX,CAMK,LIGAND_RESNAME_MISMATCH,./data/kinase_pdbs/4BYI.pdb,NO,FH3
data/kinase_pdbs/3FXZ.pdb,A,LGH,CAMK,LIGAND_RESNAME_MISMATCH,./data/kinase_pdbs/3FXZ.pdb,NO,"FLL,HOH,TPO"
data/kinase_pdbs/3LXK.pdb,A,VER,CAMK,LIGAND_RESNAME_MISMATCH,./data/kinase_pdbs/3LXK.pdb,NO,"HOH,MI1"
data/kinase_pdbs/3COK.pdb,A,0LI,CAMK,LIGAND_RESNAME_MISMATCH,./data/kinase_pdbs/3COK.pdb,NO,"ANP,HOH,SO4"
data/kinase_pdbs/2CN5.pdb,A,DBQ,CAMK,LIGAND_RESNAME_MISMATCH,./data/kinase_pdbs/2CN5.pdb,NO,"ADP,CL,HOH,MG,NO3"
data/kinase_pdbs/3VN9.pdb,A,ACP,STE,LIGAND_RESNAME_MISMATCH,./data/kinase_pdbs/3VN9.pdb,NO,"ANK,HOH,MG"
data/kinase_pdbs/4AN2.pdb,A,1FY,STE,LIGAND_RESNAME_MISMATCH,./data/kinase_pdbs/4AN2.pdb,NO,"ACP,EUI,HOH,MG"
data/kinase_pdbs/4MNE.pdb,A,IPA,STE,LIGAND_RESNAME_MISMATCH,./data/kinase_pdbs/4MNE.pdb,NO,"573,ACP,CL,HOH,MG"
data/kinase_pdbs/2BDF.pdb,A,BAX,STE,LIGAND_RESNAME_MISMATCH,./data/kinase_pdbs/2BDF.pdb,NO,"24A,HOH"
data/kinase_pdbs/3Q96.pdb,A,032,TKL,LIGAND_RESNAME_MISMATCH,./data/kinase_pdbs/3Q96.pdb,NO,0NF
data/kinase_pdbs/1BYG.pdb,A,SB4,TKL,LIGAND_RESNAME_MISMATCH,./data/kinase_pdbs/1BYG.pdb,NO,"HOH,STU"
data/kinase_pdbs/3HHM.pdb,A,5PP,TKL,LIGAND_RESNAME_MISMATCH,./data/kinase_pdbs/3HHM.pdb,NO,"HOH,KWT"
data/kinase_pdbs/4KN7.pdb,A,K1N,TKL,LIGAND_RESNAME_MISMATCH,./data/kinase_pdbs/4KN7.pdb,NO,"1RM,MG,ZN"
data/kinase_pdbs/1CKJ.pdb,A,MGP,CK1,LIGAND_RESNAME_MISMATCH,./data/kinase_pdbs/1CKJ.pdb,NO,"HOH,WO4"
data/kinase_pdbs/4HNF.pdb,A,PF0,CK1,LIGAND_RESNAME_MISMATCH,./data/kinase_pdbs/4HNF.pdb,NO,"16W,HOH"
data/kinase_pdbs/3EFJ.pdb,A,VX6,Other,LIGAND_RESNAME_MISMATCH,./data/kinase_pdbs/3EFJ.pdb,NO,"HOH,MT3"
data/kinase_pdbs/2VGO.pdb,A,TAL,Other,LIGAND_RESNAME_MISMATCH,./data/kinase_pdbs/2VGO.pdb,NO,"AD5,HOH,TPO"
data/kinase_pdbs/2IVT.pdb,A,STU,Other,LIGAND_RESNAME_MISMATCH,./data/kinase_pdbs/2IVT.pdb,NO,"AMP,FMT,HOH,PTR"
data/kinase_pdbs/3C4C.pdb,A,IZA,TK,LIGAND_RESNAME_MISMATCH,./data/kinase_pdbs/3C4C.pdb,NO,"324,HOH"
data/kinase_pdbs/3EYG.pdb,A,PHA,TK,LIGAND_RESNAME_MISMATCH,./data/kinase_pdbs/3EYG.pdb,NO,"HOH,MI1,PTR"
data/kinase_pdbs/3PP0.pdb,A,B43,TK,LIGAND_RESNAME_MISMATCH,./data/kinase_pdbs/3PP0.pdb,NO,"03Q,HOH"
data/kinase_pdbs/4WBO.pdb,A,3OY,TK,LIGAND_RESNAME_MISMATCH,./data/kinase_pdbs/4WBO.pdb,NO,"ANW,CL,HOH"
